intial,intial2,0,1,2,3,4,5,6,7,8,9,10,11,12,13,14,15,16,17,18,19,20,21,22,23,24,25,26,27,28,29,30,31,32,33,34,35,36,37,38,39,40,41,42,43,44,45,46,47,48,49,50,51,52,53,54,55,56,57,58,59,60,61,62,63,64,65,66,67,68,69,70,71,72,73,74,75,76,77,78,79,80,81,82,83,"Grand Total"
Applicant," ","","","","","","","","","","","","","","","","","","","","","","","","","","","","","","","","","","","","","","","","","","","","","","","","","","","","","","","","","","","","","","","","","","","","","","","","","","","","","","","","","","","","",""
"From State"," ","","","","","","","","","","","","","","","","","","","","","","","","","","","","","","","","","","","","","","","","","","","","","","","","","","","","","","","","","","","","","","","","","","","","","","","","","","","","","","","","","","","","",""
"From Utility"," ","KAVIT INDUSTRIES_BEVOOR",PSOMACHANDRA_CHIKKASUGUR,"EKIALDE SUN_CHINCHOLI",SATYADEEPTHA_CHITAGUPPA,"VOORA ENERGY_DHADESUGUR",AVAADA_KEMBHAVI,"MARVEL SOLREN_JANAWADA","CLEAN SOLAR_KANAKAGIRI",TALETTUTAYI(KEREHALLI),"SHAHI EXPORTS_KOLHAR",HINDUJA_MALLAT,"ADANI GREEN_MANDEVAL","BIDAR SOLAR_BEMAKHED","CLEAN SOLAR_MARAGUTTI","REJIYA SALEEM_MORAGERE","WARDHA SOLAR _SHAHPUR220","CLEAN SOLAR_ PD HALLI","RENEW WIND_SAIDAPUR","CLEAN SOLAR_SANTHPUR","RENEW WIND_SANTAPUR","WARDHA SOLAR_NALWAR",ABHIMAANI_TEKALKOTE,"CLEAN SOLAR_TURVIHAL","MATRIX GREEN_VALKAMDINI","MATRIX GREEN_WADEGERA","CLEAN SOLAR_NALWARA","RENEW WIND_WADEGERA","CLEAN SOLAR_WADGERA",EASTMAN_YELBURGA,"MADHAV SOLAR_BEVOOR","MYTRAH AKSHAY_HIDKAL",TUNGABHADRA_MANTUR,"KN SINDHAGI_DEVARHIPPARG",FPEL_TALIKOTI,SUZLON_BENEHALLI,SUZLON_HIREHADAGALI,SUZLON(NICHAPUR)_KOTTUR,"SUZLON GUJARAT_KUSHTAGI",LATUR_LINGASUGUR,JODHPUR_MADIYAL,"SUZLON _SINDHANOOR 220","PUGALUR_SINDHANOOR 220",BIJAPUR_RE_UJJINI,GAMESA_VADAVATTI,"GAMESA MANVIWIND_KAVITAL",PRATHIJNA_NAVALI,"GLOBAL TECK_CHIKKABANAGE","SHRI KESHAV_BETAGERA","RENEW WIND_CHINCHOLI","RENEW SAUR_ITTAGI",EMBASSY_ITTAGI,AMPSOLAR_MALLAT,"RENEW SAUR_MASKI","RENEW WINDK4_NIRNA","SHORAPUR SOLAR_KEMBHAVI","RENEW AGNI_TEKALKOTE",BEML_HANUMASAGAR,GAMESHA_HATTI,"SUZLON and KREDL_ITAGI",SUZLON_KURGOD,SOLARSYS_BANAVIKAL,"ACME SANDUR_CHORNUR",ORANGEMAMATKED_GURMITKAL,OSTROCHIKMYAGERI_KUSTAGI,"SHARADA CONSTRU_SANTAPUR",ECOREN_NAVALI,RENEW_NIRNA,TARUN_KADAGANCHI,"CLEAN MANVISOLAR_KAVITAL",GREENINFRA_VENKATAGIRI,RADIANCE_BENNUR_SOLAR,RADIANCE_GOOGAL,CYCLIC_KUDLIGI_W,GESCOM_KPTCL,RENEW_KUDLIGI_S,RENEW_KUDLIGI_W,AMPYR_SULEKAL,"ES SOLAR_MANNALLI",PARAMPUJYA_SHORAPUR,"RELIANCE JIO_DUBALGUNDI",CYCLIC_KUDLIGI_S,ALPUR_KARAJAGI,"ECOREN VENTI_HANUR","ISHARAYS ENERGY_BETAGERA",""
"To State"," ","","","","","","","","","","","","","","","","","","","","","","","","","","","","","","","","","","","","","","","","","","","","","","","","","","","","","","","","","","","","","","","","","","","","","","","","","","","","","","","","","","","","",""
"To Utility","  ",GESCOM,GESCOM,GESCOM,GESCOM,GESCOM,GESCOM,GESCOM,GESCOM,GESCOM,GESCOM,GESCOM,GESCOM,GESCOM,GESCOM,GESCOM,GESCOM,GESCOM,GESCOM,GESCOM,GESCOM,GESCOM,GESCOM,GESCOM,GESCOM,GESCOM,GESCOM,GESCOM,GESCOM,GESCOM,GESCOM,GESCOM,GESCOM,GESCOM,GESCOM,GESCOM,GESCOM,GESCOM,GESCOM,GESCOM,GESCOM,GESCOM,GESCOM,GESCOM,GESCOM,GESCOM,GESCOM,GESCOM,GESCOM,GESCOM,GESCOM,GESCOM,GESCOM,GESCOM,GESCOM,GESCOM,GESCOM,GESCOM,GESCOM,GESCOM,GESCOM,GESCOM,GESCOM,GESCOM,GESCOM,GESCOM,GESCOM,GESCOM,GESCOM,GESCOM,GESCOM,GESCOM,GESCOM,GESCOM,GESCOM,GESCOM,GESCOM,GESCOM,GESCOM,GESCOM,GESCOM,GESCOM,GESCOM,GESCOM,GESCOM,""
"IR Link","  ",GES-GES,GES-GES,GES-GES,GES-GES,GES-GES,GES-GES,GES-GES,GES-GES,GES-BES,GES-GES,GES-GES,GES-GES,GES-GES,GES-GES,GES-GES,GES-HES,GES-GES,GES-BES,GES-GES,GES-GES,GES-BES,GES-GES,GES-BES,GES-GES,GES-GES,GES-GES,GES-HES,GES-GES,GES-GES,GES-CES,HES-GES,HES-GES,HES-GES,GES-GES,GES-BES,GES-GES,GES-GES,GES-GES,HES-HES,GES-GES,GES-GES,GES-GES,GES-GES,GES-GES,GES-GES,GES-GES,BES-BES,GES-GES,GES-BES,GES-GES,GES-GES,GES-GES,GES-GES,GES-HES,GES-CES,GES-HES,CES-CES,GES-GES,GES-GES,GES-GES,GES-GES,GES-HES,GES-GES,GES-GES,GES-GES,GES-BES,GES-BES,GES-BES,GES-GES,GES-GES,GES-GES,GES-GES,GES-GES,GES-GES,GES-GES,GES-GES,GES-GES,HES-BES,GES-GES,GES-GES,GES-GES,GES-GES,CES-CES,GES-GES,""
Type,"  ",SOLAR,SOLAR,SOLAR,SOLAR,SOLAR,SOLAR,SOLAR,SOLAR,SOLAR,SOLAR,SOLAR,SOLAR,SOLAR,SOLAR,SOLAR,SOLAR,SOLAR,SOLAR,SOLAR,SOLAR,SOLAR,SOLAR,SOLAR,SOLAR,SOLAR,SOLAR,SOLAR,SOLAR,SOLAR,SOLAR,SOLAR,SOLAR,SOLAR,SOLAR,WIND,WIND,WIND,WIND,WIND,WIND,WIND,WIND,WIND,WIND,WIND,WIND,SOLAR,SOLAR,SOLAR,SOLAR,SOLAR,SOLAR,SOLAR,SOLAR,SOLAR,SOLAR,WIND,WIND,WIND,WIND,SOLAR,SOLAR,WIND,WIND,SOLAR,SOLAR,SOLAR,SOLAR,SOLAR,SOLAR,SOLAR,SOLAR,WIND,SOLAR,SOLAR,WIND,SOLAR,SOLAR,SOLAR,SOLAR,SOLAR,SOLAR,SOLAR,SOLAR,""
"Appr. No"," ","KAVIT INDUSTRIES_BEVOOR_01",PSOMA_CIKKASUGUR_01,"	EKIALDE SUN_CHINCHOLI_01",SATYADEEPTHA_CHITAGUPPA_01,VOORA_DHADESUGUR_01,AVAADA_KEMBHAVI_01,"MARVEL SOLREN_JANAWADA_01","CLEAN SOLAR_KANAKAGIRI_01","	TALETTUTAYI(KEREHALLI)_01","SHAHI EXPORTS_KOLHAR_01",HINDUJA_MALLAT_01,ADANI_MANDEVAL_01,"BIDAR SOLAR_BEMAKHED_01","CLEAN SOLAR_MARAGUTTI_01",REJIYA_MORAGERE_01,"WARDHA SOLAR_SHAHPUR220_01","CLEAN SOLAR_ P D HALLI_01","RENEW WIND_SAIDAPUR_01","CLEAN SOLAR_SANTAPUR_01","RENEW WIND_SANTAPUR_01","WARDHA SOLAR_NALWAR_01",ABHIMAANI_TEKALKOTE_01,"CLEAN SOLAR_TURVIHAL_01","MATRIX GREEN _VALKAMDINI","MATRIX GREEN _WADEGERA_01","CLEAN  SOLAR_NALWAR_01","RENEW WIND_WADEGERA_01","CLEAN SOLAR_WADEGERA_01",EASTMAN_YEL_01,"MADHAV SOLAR_BEVOOR_01","MYTRAH AKSHAYA_HIDIKAL_01",TUNGABHADRA_MANTUR_01,"KN SINDHAGI_DEVARHIPPARGI_01",FPEL_TALIKOTI_01,SUZLON_BENEHALLI_01,SUZ_HIREHADAGALI_01,SUZ_KOTTUR_01,"SUZLON GUJARAT_KUSHTAGI_01",LATUR_LINGASUGUR_01,JODHPUR_MADIYAL_01,SUZ_SINDHANOOR_01,PUGALUR_01,BIJAPUR_RE_UJJINI_01,GAMESA_VADAVATTI_01,GAMESA_KAVITAL_01,PRATHIJNA_NAVALI_01,"GLOBAL TECH_CHIKKABANAGERE_01","SHRI KESHAV_BETAGERA_03","RENEW WIND_CHINCHOLI_01","RENEW SAUR_ITTAGI_01",EMBASSY_ITTAGI_01,AMP_MALLAT_01,"RENEW SAUR_MASKI_01","	RENEW WINDK4_NIRNA_01","SHORAPUR SOLAR_KEMBHAVI_01"," RENEW AGNI_TEKALKOTE_01",SHIVA_HANUMASAGAR_01,"GAMESA HATTI WIND 01",SUZLON_KREDL_ITAGI_01,SUZ_KURGOD_01,SOLARSYS_BANAVEKAL_01,"	ACME SANDUR_CHORNUR_01",GAMESA_GURUMITKAL_01,OSTRO_KUSHTAGI_01,SHARADA_SANTAPUR_011,"	ECOREN_NAVALI_01","	RENEW_NIRNA_01","	TARUN_KADAGANCHI_01","CLEAN WIND_KAVITHAL_01",GREENINFRA_VENKATAGIRI_01,"RADIANCE_BENNUR_SOLAR 01",RADIANCE_GOOGAL_01,"CYCLIC ENERGY_KUDLIGI_01",GESCOM_01,RENEW_KUDLIGI_S_01,RENEW_KUDLIGI_W_01,"AMPYR ENERGY_SULEKAL_01","	ES SOLAR_MANNALLI_01",PARAMPUJYA_SHORAPUR_01,"RELIANCE JIO_DUBALGUNDI_01",CYCLIC_KUDLIGI_S_01,ALPUR_KARAJAGI_01,"ECOREN VENTI_HANUR_01","ISHARAYS ENERGY_BETAGERA_01",""
"Time Block","Time Desc","","","","","","","","","","","","","","","","","","","","","","","","","","","","","","","","","","","","","","","","","","","","","","","","","","","","","","","","","","","","","","","","","","","","","","","","","","","","","","","","","","","","","GRAND TOTAL"
1,00:00-00:15,0.00,0.00,0.00,0.00,0.00,0.00,0.00,0.00,0.00,0.00,0.00,0.00,0.00,0.00,0.00,0.00,0.00,0.00,0.00,0.00,0.00,0.00,0.00,0.00,0.00,0.00,0.00,0.00,0.00,0.00,0.00,0.00,0.00,0.00,2.75,4.29,2.45,36.88,7.20,6.00,2.64,10.86,2.56,19.21,5.00,2.74,0.00,0.00,0.00,0.00,0.00,0.00,0.00,0.00,0.00,0.00,1.79,5.97,5.73,4.20,0.00,0.00,16.46,10.00,0.00,0.00,0.00,0.00,0.00,0.00,0.00,0.00,5.06,0.00,0.00,2.17,0.00,0.00,0.00,0.00,0.00,0.00,0.00,0.00,153.96
2,00:15-00:30,0.00,0.00,0.00,0.00,0.00,0.00,0.00,0.00,0.00,0.00,0.00,0.00,0.00,0.00,0.00,0.00,0.00,0.00,0.00,0.00,0.00,0.00,0.00,0.00,0.00,0.00,0.00,0.00,0.00,0.00,0.00,0.00,0.00,0.00,2.75,4.29,2.45,36.88,7.20,6.37,2.64,11.63,2.56,18.57,5.00,2.73,0.00,0.00,0.00,0.00,0.00,0.00,0.00,0.00,0.00,0.00,1.80,5.96,5.73,4.19,0.00,0.00,16.75,9.97,0.00,0.00,0.00,0.00,0.00,0.00,0.00,0.00,5.02,0.00,0.00,2.16,0.00,0.00,0.00,0.00,0.00,0.00,0.00,0.00,154.65
3,00:30-00:45,0.00,0.00,0.00,0.00,0.00,0.00,0.00,0.00,0.00,0.00,0.00,0.00,0.00,0.00,0.00,0.00,0.00,0.00,0.00,0.00,0.00,0.00,0.00,0.00,0.00,0.00,0.00,0.00,0.00,0.00,0.00,0.00,0.00,0.00,2.75,4.29,2.45,36.88,7.20,6.74,2.64,13.89,2.56,26.89,5.00,2.72,0.00,0.00,0.00,0.00,0.00,0.00,0.00,0.00,0.00,0.00,1.79,5.95,5.73,4.18,0.00,0.00,16.88,9.97,0.00,0.00,0.00,0.00,0.00,0.00,0.00,0.00,5.03,0.00,0.00,2.16,0.00,0.00,0.00,0.00,0.00,0.00,0.00,0.00,165.70
4,00:45-01:00,0.00,0.00,0.00,0.00,0.00,0.00,0.00,0.00,0.00,0.00,0.00,0.00,0.00,0.00,0.00,0.00,0.00,0.00,0.00,0.00,0.00,0.00,0.00,0.00,0.00,0.00,0.00,0.00,0.00,0.00,0.00,0.00,0.00,0.00,2.81,4.53,2.50,37.88,7.20,6.12,2.64,24.57,2.56,25.60,5.00,2.71,0.00,0.00,0.00,0.00,0.00,0.00,0.00,0.00,0.00,0.00,1.78,5.94,5.73,4.20,0.00,0.00,16.48,10.00,0.00,0.00,0.00,0.00,0.00,0.00,0.00,0.00,5.04,0.00,0.00,2.16,0.00,0.00,0.00,0.00,0.00,0.00,0.00,0.00,175.45
5,01:00-01:15,0.00,0.00,0.00,0.00,0.00,0.00,0.00,0.00,0.00,0.00,0.00,0.00,0.00,0.00,0.00,0.00,0.00,0.00,0.00,0.00,0.00,0.00,0.00,0.00,0.00,0.00,0.00,0.00,0.00,0.00,0.00,0.00,0.00,0.00,2.94,5.36,2.62,34.88,7.20,6.14,2.64,26.78,2.56,24.37,5.00,2.69,0.00,0.00,0.00,0.00,0.00,0.00,0.00,0.00,0.00,0.00,1.79,5.97,5.73,4.19,0.00,0.00,16.09,9.97,0.00,0.00,0.00,0.00,0.00,0.00,0.00,0.00,5.03,0.00,0.00,2.17,0.00,0.00,0.00,0.00,0.00,0.00,0.00,0.00,174.12
6,01:15-01:30,0.00,0.00,0.00,0.00,0.00,0.00,0.00,0.00,0.00,0.00,0.00,0.00,0.00,0.00,0.00,0.00,0.00,0.00,0.00,0.00,0.00,0.00,0.00,0.00,0.00,0.00,0.00,0.00,0.00,0.00,0.00,0.00,0.00,0.00,3.07,6.19,2.73,35.88,7.20,6.04,2.64,23.57,2.56,22.69,5.00,2.68,0.00,0.00,0.00,0.00,0.00,0.00,0.00,0.00,0.00,0.00,1.80,5.96,5.73,4.18,0.00,0.00,14.89,9.97,0.00,0.00,0.00,0.00,0.00,0.00,0.00,0.00,5.03,0.00,0.00,2.16,0.00,0.00,0.00,0.00,0.00,0.00,0.00,0.00,169.97
7,01:30-01:45,0.00,0.00,0.00,0.00,0.00,0.00,0.00,0.00,0.00,0.00,0.00,0.00,0.00,0.00,0.00,0.00,0.00,0.00,0.00,0.00,0.00,0.00,0.00,0.00,0.00,0.00,0.00,0.00,0.00,0.00,0.00,0.00,0.00,0.00,2.75,9.12,2.45,60.01,21.42,7.20,2.88,20.18,2.56,23.18,20.99,1.96,0.00,0.00,0.00,0.00,0.00,0.00,0.00,0.00,0.00,0.00,1.79,5.97,5.75,4.20,0.00,0.00,12.10,9.97,0.00,0.00,0.00,0.00,0.00,0.00,0.00,0.00,5.06,0.00,0.00,2.16,0.00,0.00,0.00,0.00,0.00,0.00,0.00,0.00,221.70
8,01:45-02:00,0.00,0.00,0.00,0.00,0.00,0.00,0.00,0.00,0.00,0.00,0.00,0.00,0.00,0.00,0.00,0.00,0.00,0.00,0.00,0.00,0.00,0.00,0.00,0.00,0.00,0.00,0.00,0.00,0.00,0.00,0.00,0.00,0.00,0.00,2.75,9.32,2.45,56.37,20.39,7.20,2.88,24.95,2.56,20.16,20.90,1.94,0.00,0.00,0.00,0.00,0.00,0.00,0.00,0.00,0.00,0.00,1.78,5.99,5.73,4.17,0.00,0.00,10.23,9.98,0.00,0.00,0.00,0.00,0.00,0.00,0.00,0.00,5.04,0.00,0.00,2.17,0.00,0.00,0.00,0.00,0.00,0.00,0.00,0.00,216.96
9,02:00-02:15,0.00,0.00,0.00,0.00,0.00,0.00,0.00,0.00,0.00,0.00,0.00,0.00,0.00,0.00,0.00,0.00,0.00,0.00,0.00,0.00,0.00,0.00,0.00,0.00,0.00,0.00,0.00,0.00,0.00,0.00,0.00,0.00,0.00,0.00,2.75,9.51,2.45,52.72,19.37,7.20,2.88,31.89,2.56,17.54,19.61,1.94,0.00,0.00,0.00,0.00,0.00,0.00,0.00,0.00,0.00,0.00,1.79,5.97,5.73,4.16,0.00,0.00,8.78,10.00,0.00,0.00,0.00,0.00,0.00,0.00,0.00,0.00,5.02,0.00,0.00,2.16,0.00,0.00,0.00,0.00,0.00,0.00,0.00,0.00,214.03
10,02:15-02:30,0.00,0.00,0.00,0.00,0.00,0.00,0.00,0.00,0.00,0.00,0.00,0.00,0.00,0.00,0.00,0.00,0.00,0.00,0.00,0.00,0.00,0.00,0.00,0.00,0.00,0.00,0.00,0.00,0.00,0.00,0.00,0.00,0.00,0.00,2.75,9.70,2.45,49.07,18.35,7.20,2.88,27.96,2.56,14.47,18.65,1.94,0.00,0.00,0.00,0.00,0.00,0.00,0.00,0.00,0.00,0.00,1.80,6.00,5.73,4.18,0.00,0.00,9.89,9.97,0.00,0.00,0.00,0.00,0.00,0.00,0.00,0.00,5.01,0.00,0.00,2.16,0.00,0.00,0.00,0.00,0.00,0.00,0.00,0.00,202.72
11,02:30-02:45,0.00,0.00,0.00,0.00,0.00,0.00,0.00,0.00,0.00,0.00,0.00,0.00,0.00,0.00,0.00,0.00,0.00,0.00,0.00,0.00,0.00,0.00,0.00,0.00,0.00,0.00,0.00,0.00,0.00,0.00,0.00,0.00,0.00,0.00,2.75,9.89,2.45,45.43,17.33,7.20,2.88,26.30,2.56,14.47,17.75,1.94,0.00,0.00,0.00,0.00,0.00,0.00,0.00,0.00,0.00,0.00,1.79,5.97,5.73,4.20,0.00,0.00,9.88,10.00,0.00,0.00,0.00,0.00,0.00,0.00,0.00,0.00,5.03,0.00,0.00,2.16,0.00,0.00,0.00,0.00,0.00,0.00,0.00,0.00,195.71
12,02:45-03:00,0.00,0.00,0.00,0.00,0.00,0.00,0.00,0.00,0.00,0.00,0.00,0.00,0.00,0.00,0.00,0.00,0.00,0.00,0.00,0.00,0.00,0.00,0.00,0.00,0.00,0.00,0.00,0.00,0.00,0.00,0.00,0.00,0.00,0.00,2.75,10.09,2.45,41.78,16.31,7.20,2.88,25.41,2.56,12.69,16.87,1.94,0.00,0.00,0.00,0.00,0.00,0.00,0.00,0.00,0.00,0.00,1.78,5.96,5.73,4.18,0.00,0.00,9.87,9.97,0.00,0.00,0.00,0.00,0.00,0.00,0.00,0.00,5.04,0.00,0.00,2.17,0.00,0.00,0.00,0.00,0.00,0.00,0.00,0.00,187.63
13,03:00-03:15,0.00,0.00,0.00,0.00,0.00,0.00,0.00,0.00,0.00,0.00,0.00,0.00,0.00,0.00,0.00,0.00,0.00,0.00,0.00,0.00,0.00,0.00,0.00,0.00,0.00,0.00,0.00,0.00,0.00,0.00,0.00,0.00,0.00,0.00,2.75,6.13,2.45,44.37,22.97,18.04,2.64,29.40,2.80,10.40,16.75,4.58,0.00,0.00,0.00,0.00,0.00,0.00,0.00,0.00,0.00,0.00,1.79,6.00,5.73,4.20,0.00,0.00,10.06,10.00,0.00,0.00,0.00,0.00,0.00,0.00,0.00,0.00,5.06,0.00,0.00,2.16,0.00,0.00,0.00,0.00,0.00,0.00,0.00,0.00,208.28
14,03:15-03:30,0.00,0.00,0.00,0.00,0.00,0.00,0.00,0.00,0.00,0.00,0.00,0.00,0.00,0.00,0.00,0.00,0.00,0.00,0.00,0.00,0.00,0.00,0.00,0.00,0.00,0.00,0.00,0.00,0.00,0.00,0.00,0.00,0.00,0.00,2.75,5.59,2.45,42.98,21.73,17.85,2.64,27.18,2.80,10.69,16.73,5.10,0.00,0.00,0.00,0.00,0.00,0.00,0.00,0.00,0.00,0.00,1.80,5.99,5.75,4.17,0.00,0.00,9.97,9.97,0.00,0.00,0.00,0.00,0.00,0.00,0.00,0.00,5.02,0.00,0.00,2.16,0.00,0.00,0.00,0.00,0.00,0.00,0.00,0.00,203.32
15,03:30-03:45,0.00,0.00,0.00,0.00,0.00,0.00,0.00,0.00,0.00,0.00,0.00,0.00,0.00,0.00,0.00,0.00,0.00,0.00,0.00,0.00,0.00,0.00,0.00,0.00,0.00,0.00,0.00,0.00,0.00,0.00,0.00,0.00,0.00,0.00,2.75,5.05,2.45,41.60,20.49,16.67,2.64,22.44,2.80,8.68,16.03,5.62,0.00,0.00,0.00,0.00,0.00,0.00,0.00,0.00,0.00,0.00,1.79,5.99,5.73,4.16,0.00,0.00,9.88,10.00,0.00,0.00,0.00,0.00,0.00,0.00,0.00,0.00,5.06,0.00,0.00,2.16,0.00,0.00,0.00,0.00,0.00,0.00,0.00,0.00,191.99
16,03:45-04:00,0.00,0.00,0.00,0.00,0.00,0.00,0.00,0.00,0.00,0.00,0.00,0.00,0.00,0.00,0.00,0.00,0.00,0.00,0.00,0.00,0.00,0.00,0.00,0.00,0.00,0.00,0.00,0.00,0.00,0.00,0.00,0.00,0.00,0.00,2.75,4.52,2.45,40.22,19.26,16.06,2.64,22.31,2.80,7.56,15.52,6.15,0.00,0.00,0.00,0.00,0.00,0.00,0.00,0.00,0.00,0.00,1.79,5.97,5.73,4.18,0.00,0.00,9.81,9.97,0.00,0.00,0.00,0.00,0.00,0.00,0.00,0.00,5.02,0.00,0.00,2.17,0.00,0.00,0.00,0.00,0.00,0.00,0.00,0.00,186.88
17,04:00-04:15,0.00,0.00,0.00,0.00,0.00,0.00,0.00,0.00,0.00,0.00,0.00,0.00,0.00,0.00,0.00,0.00,0.00,0.00,0.00,0.00,0.00,0.00,0.00,0.00,0.00,0.00,0.00,0.00,0.00,0.00,0.00,0.00,0.00,0.00,2.75,3.98,2.45,38.83,18.02,14.89,2.64,17.46,2.80,7.60,14.86,6.67,0.00,0.00,0.00,0.00,0.00,0.00,0.00,0.00,0.00,0.00,1.80,5.97,5.73,4.20,0.00,0.00,9.08,9.97,0.00,0.00,0.00,0.00,0.00,0.00,0.00,0.00,5.03,0.00,0.00,2.16,0.00,0.00,0.00,0.00,0.00,0.00,0.00,0.00,176.89
18,04:15-04:30,0.00,0.00,0.00,0.00,0.00,0.00,0.00,0.00,0.00,0.00,0.00,0.00,0.00,0.00,0.00,0.00,0.00,0.00,0.00,0.00,0.00,0.00,0.00,0.00,0.00,0.00,0.00,0.00,0.00,0.00,0.00,0.00,0.00,0.00,2.75,3.90,2.45,37.45,16.78,13.58,2.64,15.92,2.80,7.16,14.24,7.20,0.00,0.00,0.00,0.00,0.00,0.00,0.00,0.00,0.00,0.00,1.79,5.99,5.73,4.19,0.00,0.00,9.09,10.00,0.00,0.00,0.00,0.00,0.00,0.00,0.00,0.00,5.04,0.00,0.00,2.16,0.00,0.00,0.00,0.00,0.00,0.00,0.00,0.00,170.86
19,04:30-04:45,0.00,0.00,0.00,0.00,0.00,0.00,0.00,0.00,0.00,0.00,0.00,0.00,0.00,0.00,0.00,0.00,0.00,0.00,0.00,0.00,0.00,0.00,0.00,0.00,0.00,0.00,0.00,0.00,0.00,0.00,0.00,0.00,0.00,0.00,2.50,4.29,2.23,40.74,20.06,16.54,5.24,11.02,2.80,8.14,14.67,5.79,0.00,0.00,0.00,0.00,0.00,0.00,0.00,0.00,0.00,0.00,1.78,13.17,5.73,4.18,0.00,0.00,9.20,9.97,0.00,0.00,0.00,0.00,0.00,0.00,0.00,0.00,5.06,0.00,0.00,2.17,0.00,0.00,0.00,0.00,0.00,0.00,0.00,0.00,185.28
20,04:45-05:00,0.00,0.00,0.00,0.00,0.00,0.00,0.00,0.00,0.00,0.00,0.00,0.00,0.00,0.00,0.00,0.00,0.00,0.00,0.00,0.00,0.00,0.00,0.00,0.00,0.00,0.00,0.00,0.00,0.00,0.00,0.00,0.00,0.00,0.00,2.50,4.29,2.23,40.05,19.28,15.41,5.21,24.87,2.80,7.96,14.61,6.03,0.00,0.00,0.00,0.00,0.00,0.00,0.00,0.00,0.00,0.00,1.79,12.55,5.73,4.20,0.00,0.00,9.40,10.00,0.00,0.00,0.00,0.00,0.00,0.00,0.00,0.00,5.01,0.00,0.00,2.16,0.00,0.00,0.00,0.00,0.00,0.00,0.00,0.00,196.08
21,05:00-05:15,0.00,0.00,0.00,0.00,0.00,0.00,0.00,0.00,0.00,0.00,0.00,0.00,0.00,0.00,0.00,0.00,0.00,0.00,0.00,0.00,0.00,0.00,0.00,0.00,0.00,0.00,0.00,0.00,0.00,0.00,0.00,0.00,0.00,0.00,2.50,4.29,2.23,39.36,18.50,13.46,5.18,35.36,2.80,9.24,13.88,6.28,0.00,0.00,0.00,0.00,0.00,0.00,0.00,0.00,0.00,0.00,1.80,12.03,5.73,4.18,0.00,0.00,9.50,9.97,0.00,0.00,0.00,0.00,0.00,0.00,0.00,0.00,5.02,0.00,0.00,2.16,0.00,0.00,0.00,0.00,0.00,0.00,0.00,0.00,203.47
22,05:15-05:30,0.00,0.00,0.00,0.00,0.00,0.00,0.00,0.00,0.00,0.00,0.00,0.00,0.00,0.00,0.00,0.00,0.00,0.00,0.00,0.00,0.00,0.00,0.00,0.00,0.00,0.00,0.00,0.00,0.00,0.00,0.00,0.00,0.00,0.00,2.50,4.29,2.23,38.67,17.72,11.85,5.15,36.46,2.80,8.70,13.33,6.53,0.00,0.00,0.00,0.00,0.00,0.00,0.00,0.00,0.00,0.00,1.79,11.44,5.73,4.20,0.00,0.00,9.40,10.00,0.00,0.00,0.00,0.00,0.00,0.00,0.00,0.00,5.03,0.00,0.00,2.16,0.00,0.00,0.00,0.00,0.00,0.00,0.00,0.00,199.98
23,05:30-05:45,0.00,0.00,0.00,0.00,0.00,0.00,0.00,0.00,0.00,0.00,0.00,0.00,0.00,0.00,0.00,0.00,0.00,0.00,0.00,0.00,0.00,0.00,0.00,0.00,0.00,0.00,0.00,0.00,0.00,0.00,0.00,0.00,0.00,0.00,2.50,4.29,2.23,37.98,16.94,10.57,5.11,41.03,2.80,7.97,12.95,6.77,0.00,0.00,0.00,0.00,0.00,0.00,0.00,0.00,0.00,0.00,1.78,10.42,5.73,4.17,0.00,0.00,6.00,9.97,0.00,0.00,0.00,0.00,0.00,0.00,0.00,0.00,5.04,0.00,0.00,2.17,0.00,0.00,0.00,0.00,0.00,0.00,0.00,0.00,196.42
24,05:45-06:00,0.00,0.00,0.00,0.00,0.00,0.00,0.00,0.00,0.00,0.00,0.00,0.00,0.00,0.00,0.00,0.00,0.00,0.00,0.00,0.00,0.00,0.00,0.00,0.00,0.00,0.00,0.00,0.00,0.00,0.00,0.00,0.00,0.00,0.00,2.50,4.29,2.23,37.29,16.16,9.20,5.08,30.05,2.80,7.38,12.53,7.02,0.00,0.10,0.00,0.00,0.00,0.00,0.00,0.00,0.00,0.00,1.79,9.66,5.73,4.16,0.00,0.00,6.00,10.00,0.00,0.00,0.00,0.00,0.00,0.00,0.00,0.00,5.06,0.00,0.00,2.16,0.00,0.00,0.00,0.00,0.07,0.00,0.00,0.00,181.26
25,06:00-06:15,0.00,0.06,0.22,0.02,0.00,0.00,0.12,0.00,0.00,0.21,0.00,0.06,0.07,0.15,0.00,0.01,0.14,0.00,0.31,0.02,0.01,0.06,0.07,0.00,0.00,0.11,0.00,0.10,0.00,0.00,0.00,0.00,0.00,0.00,2.75,3.90,2.45,31.71,11.45,24.18,5.84,16.34,2.33,9.91,9.34,4.92,0.00,0.77,0.00,0.00,0.00,0.00,0.00,0.00,0.16,0.00,1.80,9.31,5.73,4.18,0.00,0.00,7.56,9.97,0.00,0.08,0.13,0.00,0.00,0.00,0.15,0.00,5.02,0.00,0.00,2.16,0.06,0.00,0.09,0.01,0.58,0.00,0.00,0.00,174.62
26,06:15-06:30,0.02,0.39,0.68,0.09,0.09,0.40,0.42,0.32,0.10,1.50,0.29,0.46,0.32,0.85,0.04,0.65,0.48,0.23,1.32,0.38,0.59,0.11,0.62,0.06,0.08,0.52,0.21,0.51,0.03,0.23,0.04,0.10,0.04,0.40,2.75,3.90,2.45,33.71,11.29,23.76,5.79,8.45,2.33,13.87,9.37,5.49,0.00,1.44,0.00,0.00,0.00,0.50,1.95,0.00,0.28,0.00,1.79,8.28,5.73,4.19,0.15,0.00,7.44,9.97,0.00,0.38,0.60,0.44,0.24,0.00,0.61,0.23,5.03,1.42,0.14,2.16,0.26,0.03,0.32,0.46,1.10,0.17,0.23,0.03,191.30
27,06:30-06:45,0.13,0.78,1.31,0.26,0.42,1.81,0.76,0.83,0.66,3.06,1.23,1.28,0.58,1.77,0.27,2.53,1.21,0.85,2.65,1.15,2.25,0.82,1.68,0.29,0.32,1.05,0.80,1.05,0.21,0.50,0.49,0.64,0.18,2.06,2.75,3.90,2.45,33.71,11.13,20.65,5.75,7.20,2.33,15.41,8.69,6.05,0.52,2.11,0.00,0.36,0.52,2.09,3.12,0.00,0.39,0.47,1.78,7.79,5.73,4.20,0.99,0.00,7.23,9.97,0.00,1.08,1.61,1.00,1.08,0.00,1.36,0.90,5.04,4.33,0.58,2.17,0.59,0.23,0.72,1.55,1.61,0.80,0.55,0.20,228.57
28,06:45-07:00,0.31,1.19,2.16,0.43,0.90,3.88,1.26,1.56,1.55,4.78,2.59,2.21,1.07,3.28,0.66,5.14,2.10,1.71,3.76,2.15,4.56,1.67,3.14,0.62,0.65,1.77,1.63,1.43,0.50,0.84,1.34,1.29,0.39,4.56,2.75,3.90,2.45,28.71,10.97,18.25,5.71,7.20,2.33,16.07,8.11,6.61,1.05,2.77,1.77,1.20,2.10,4.71,4.53,2.56,0.50,1.86,1.79,7.12,5.73,4.18,2.32,0.15,7.74,9.98,0.16,1.93,2.55,1.77,2.31,0.37,2.42,2.03,5.03,8.10,1.32,2.16,1.04,0.50,1.19,2.96,2.12,1.72,0.91,0.49,283.28
29,07:00-07:15,0.53,1.46,3.05,0.60,1.46,6.28,1.79,2.44,2.61,6.51,4.16,3.20,1.44,5.13,0.97,8.13,2.82,2.69,5.47,3.27,7.20,2.62,4.23,1.00,1.03,2.44,2.59,2.48,0.85,1.20,2.32,1.99,0.56,7.50,2.75,3.90,2.45,31.71,10.81,16.53,5.66,7.20,2.33,12.51,7.90,7.18,1.65,4.06,3.49,2.60,4.73,7.86,6.15,4.43,0.87,4.63,1.80,6.26,5.73,4.20,3.91,1.40,8.06,10.00,0.62,2.67,4.08,3.25,3.73,3.58,3.78,3.60,5.03,12.32,2.35,2.16,1.64,0.81,1.40,4.06,3.31,2.46,1.30,0.84,357.77
30,07:15-07:30,0.74,1.95,4.03,0.78,2.06,8.85,2.41,3.54,3.69,8.72,5.84,3.23,1.72,7.50,1.29,11.32,3.95,3.72,7.69,4.44,10.00,3.58,6.02,1.41,1.43,3.46,3.60,3.79,1.23,1.61,3.14,2.72,0.74,10.66,2.75,3.90,2.45,28.71,10.65,14.62,5.62,7.20,2.33,10.47,7.61,7.74,2.41,5.35,4.67,4.27,8.04,11.58,17.36,5.75,1.44,6.59,1.79,6.11,5.73,4.19,5.63,2.65,8.40,9.97,1.20,3.64,5.86,4.72,5.25,6.55,6.07,6.59,5.06,16.71,3.67,2.16,2.84,1.97,1.80,5.33,4.53,3.24,1.87,1.20,447.10
31,07:30-07:45,0.94,2.46,4.23,0.92,2.68,11.51,3.08,5.28,4.69,10.30,7.56,4.36,2.15,10.61,1.67,15.04,5.31,5.09,10.55,5.68,12.23,4.79,8.38,1.83,1.84,4.81,9.23,5.17,1.59,1.57,4.08,3.75,0.95,13.25,2.75,4.29,2.45,33.88,6.60,6.00,2.92,7.20,2.80,6.00,6.39,6.85,3.26,6.63,6.71,5.96,11.69,14.93,21.09,6.76,1.67,8.40,1.79,5.97,5.73,4.18,7.39,3.93,8.15,10.00,1.51,4.95,8.04,6.20,6.82,9.22,8.82,10.31,5.04,20.60,6.40,2.17,3.85,2.81,2.31,6.82,5.42,4.14,2.26,1.53,529.17
32,07:45-08:00,1.15,2.99,5.39,1.12,3.30,14.19,4.33,6.85,5.75,12.37,9.30,5.47,2.58,13.79,2.10,17.99,6.54,6.17,14.38,6.95,14.34,5.99,11.05,2.25,2.26,5.91,10.47,6.83,1.94,1.89,5.14,4.50,1.19,15.78,2.75,4.29,2.45,35.88,6.60,6.00,2.97,7.20,2.80,6.25,6.41,6.86,4.11,7.91,7.91,7.17,13.96,19.02,24.82,7.96,1.89,9.93,1.80,3.46,5.73,4.20,8.90,5.24,8.46,9.97,2.58,5.96,9.88,7.68,8.37,11.70,11.62,14.27,5.02,24.39,8.42,2.16,5.57,3.53,2.86,8.40,6.31,5.11,2.81,1.88,623.67
33,08:00-08:15,1.37,3.52,6.52,1.32,3.92,16.72,5.07,8.56,6.87,13.46,11.03,6.57,3.02,16.22,2.55,21.17,7.90,7.29,17.81,8.24,17.30,6.70,13.04,2.67,2.67,7.08,11.30,8.20,2.32,2.33,6.28,5.47,1.43,18.40,2.75,4.29,2.45,33.88,6.60,6.00,3.02,7.20,2.80,6.00,6.00,6.88,5.05,9.19,9.09,9.23,18.37,21.92,28.49,9.07,2.31,9.93,1.79,3.45,5.73,4.18,10.47,6.57,8.63,5.00,2.87,7.54,11.05,8.94,9.90,14.18,13.44,18.41,5.01,28.29,10.99,2.16,7.25,4.22,3.32,10.08,7.55,6.15,3.37,2.27,707.65
34,08:15-08:30,1.60,4.04,7.62,1.52,4.53,19.17,5.76,9.93,8.01,15.48,12.73,7.56,3.44,18.69,3.02,23.27,9.35,8.28,20.58,9.49,19.92,7.81,15.70,3.08,3.07,8.57,12.29,9.21,2.70,2.76,7.49,6.27,1.69,21.09,2.75,4.29,2.45,35.88,6.60,6.00,3.07,7.20,2.80,6.00,6.00,6.89,5.84,10.47,9.95,11.90,20.78,25.06,32.17,10.28,2.56,10.92,1.78,3.44,5.73,4.20,12.07,7.91,6.00,4.97,3.36,8.46,11.89,10.20,11.43,16.83,15.92,22.32,5.03,31.91,13.63,2.17,12.35,4.42,4.03,11.83,8.77,7.26,3.68,2.66,799.83
35,08:30-08:45,1.84,4.54,8.74,1.72,5.11,21.58,6.43,11.72,9.12,17.48,14.38,8.99,3.86,20.56,3.50,25.43,10.79,9.31,22.79,10.45,22.62,8.90,17.57,3.46,3.45,10.14,13.30,10.36,3.07,3.19,8.73,7.34,1.96,23.82,2.75,4.29,2.45,36.88,7.15,6.00,3.12,7.20,2.80,6.00,6.00,6.90,6.61,11.74,10.86,15.80,23.58,28.12,34.57,11.25,2.77,11.88,1.79,3.50,5.73,4.19,13.66,9.25,6.00,5.00,3.94,8.91,12.84,11.46,12.94,19.65,18.35,26.10,5.04,35.59,16.06,2.16,17.58,5.29,4.59,13.60,10.00,8.41,3.95,3.05,893.60
36,08:45-09:00,2.07,4.99,9.66,1.90,5.64,23.90,7.06,12.77,10.17,19.43,15.98,10.19,4.26,21.59,3.98,28.76,12.00,10.45,24.29,11.33,25.16,9.97,19.55,3.82,3.81,10.84,13.58,11.21,3.43,3.68,9.98,8.40,2.23,26.56,2.75,4.29,2.45,33.88,7.80,6.00,3.17,7.20,2.80,6.00,6.00,6.92,7.34,13.02,11.50,23.55,26.32,30.94,35.92,5.65,2.98,12.63,1.80,3.47,5.75,4.20,15.24,10.56,6.00,4.97,4.08,9.97,13.61,11.98,14.37,22.45,32.28,29.76,5.06,39.34,22.25,2.16,22.93,5.79,5.13,15.32,11.21,9.59,4.21,3.44,988.67
37,09:00-09:15,2.30,5.43,9.53,2.07,6.15,25.26,6.82,12.14,11.11,19.77,16.07,10.50,4.65,22.31,4.37,32.27,12.15,10.70,23.55,12.32,26.39,10.49,12.15,4.15,4.15,10.98,14.82,11.30,3.22,3.94,7.44,9.31,1.96,32.67,2.50,4.29,2.23,36.05,8.28,6.00,2.40,6.00,2.80,6.00,5.00,3.73,8.00,14.09,12.24,28.65,28.71,33.78,36.64,6.58,3.29,9.59,1.79,3.46,5.73,4.19,15.02,11.83,8.26,4.97,4.99,9.26,14.27,12.48,13.29,25.03,34.77,33.01,5.02,42.95,26.80,2.16,17.06,2.15,5.62,11.95,12.63,11.23,4.55,3.49,1017.25
38,09:15-09:30,2.50,5.78,10.29,2.21,6.62,26.90,7.16,12.60,11.96,21.06,16.93,11.50,4.94,22.92,4.96,34.17,12.46,11.52,22.34,13.38,28.52,11.42,13.97,4.46,4.48,12.21,15.12,11.55,3.58,4.13,8.21,10.29,2.14,34.57,2.50,4.29,2.23,38.05,9.56,6.00,2.40,6.00,2.80,6.00,5.00,3.39,8.60,15.17,12.67,32.55,35.26,30.50,37.40,8.25,3.59,10.16,1.78,3.45,5.73,4.18,16.42,13.03,8.09,5.00,5.47,10.13,14.82,12.97,14.51,27.27,37.91,36.05,5.06,45.96,22.27,2.16,18.42,2.66,6.07,13.33,14.04,11.90,5.17,3.91,1076.98
39,09:30-09:45,2.69,6.09,11.36,2.33,7.06,28.38,7.49,12.52,12.70,22.28,18.11,12.45,5.22,23.95,5.08,36.14,12.75,12.04,22.68,14.14,30.56,12.09,15.65,4.76,4.78,12.67,15.44,11.77,3.74,4.21,8.67,11.09,2.29,36.63,2.50,4.29,2.23,41.05,10.85,6.00,2.40,6.00,2.80,6.00,5.00,3.05,11.03,16.25,7.99,36.89,44.25,32.37,38.21,9.25,3.88,10.33,1.79,3.44,5.73,4.20,17.79,14.13,7.77,4.97,5.19,11.19,15.18,13.44,15.75,29.20,39.34,39.05,5.02,48.95,24.99,2.16,22.16,3.25,6.50,14.54,15.45,12.54,5.77,4.14,1146.06
40,09:45-10:00,2.86,6.39,12.26,2.44,7.35,30.30,7.80,12.03,13.34,23.46,19.34,12.44,5.47,23.71,5.26,37.36,12.96,12.81,22.17,14.90,31.98,12.73,18.03,5.03,5.06,12.95,15.42,12.36,4.06,4.88,9.63,11.85,2.43,38.33,2.50,4.29,2.23,41.05,12.13,6.00,2.40,6.00,2.80,6.00,5.00,2.71,11.50,17.32,8.30,36.82,58.19,34.32,39.08,10.20,4.15,10.85,1.80,3.47,5.73,4.19,19.18,15.11,6.00,4.96,5.47,12.26,15.65,13.91,16.68,30.93,39.63,40.35,5.03,52.00,27.69,2.16,22.40,3.93,6.49,15.69,16.86,13.48,6.35,4.45,1205.08
41,10:00-10:15,3.00,6.66,13.11,2.53,7.35,31.18,8.09,12.98,13.89,24.57,19.80,13.64,5.70,23.14,5.84,38.75,13.09,13.34,22.14,15.43,33.96,13.34,21.12,5.29,5.33,13.21,15.54,12.95,4.01,5.08,10.17,12.57,2.59,39.27,2.50,4.29,2.23,35.05,13.42,6.00,2.40,6.00,2.80,6.00,5.00,2.37,12.30,18.08,9.26,37.57,62.17,38.67,39.22,12.65,4.36,11.79,1.79,3.46,5.73,4.18,20.13,15.97,6.00,4.96,5.73,12.41,15.88,13.90,17.49,32.49,39.73,41.25,5.04,55.06,30.34,2.17,25.74,4.63,7.02,16.21,17.59,13.92,6.92,4.73,1253.26
42,10:15-10:30,3.11,6.91,13.87,2.65,7.35,31.68,8.21,14.41,14.36,26.31,20.50,14.07,5.92,25.87,5.89,39.88,13.30,13.97,22.76,15.82,34.62,14.19,20.66,5.53,5.58,13.33,15.78,12.63,4.25,5.24,10.49,13.11,2.73,40.72,2.50,4.29,2.23,37.05,14.70,6.00,2.40,6.00,2.80,6.00,5.00,2.03,11.53,18.85,9.26,37.90,65.29,39.64,39.48,12.32,4.56,11.93,1.78,3.47,5.73,4.20,21.17,16.68,6.00,5.00,6.45,13.66,15.98,13.95,18.33,33.84,38.46,42.25,5.06,56.89,32.92,2.16,26.30,5.34,7.55,17.39,18.31,14.44,7.30,4.85,1292.92
43,10:30-10:45,3.20,7.13,14.89,2.69,7.35,35.64,8.32,13.57,14.80,28.01,19.43,15.37,6.12,24.50,6.66,39.66,13.40,15.26,25.63,17.87,35.23,15.14,23.77,5.74,5.81,13.75,15.70,13.64,5.30,5.44,8.65,13.75,3.37,42.20,2.50,4.68,2.23,28.71,10.02,7.20,2.40,7.20,2.56,5.00,5.68,2.38,12.23,19.61,10.54,37.80,67.06,41.29,39.85,13.79,4.77,11.91,1.79,3.49,5.75,4.17,22.97,17.25,6.00,4.97,6.19,14.44,14.61,14.05,21.00,34.91,37.63,42.18,5.01,58.55,35.27,2.16,31.20,5.98,7.93,21.74,19.06,15.18,7.66,6.01,1333.55
44,10:45-11:00,3.26,7.34,15.46,2.73,7.35,36.44,8.43,14.07,15.20,29.66,20.07,15.64,6.31,24.75,6.74,40.14,12.25,15.67,25.12,18.14,36.02,16.05,22.81,5.94,6.02,13.87,15.94,14.02,5.34,5.44,8.97,14.10,3.48,43.78,2.50,4.68,2.23,34.71,10.30,7.20,2.40,7.20,2.56,5.00,5.67,2.16,12.94,20.37,10.25,38.37,71.49,41.62,40.32,13.78,4.99,13.37,1.80,3.47,5.73,4.16,23.43,17.68,6.00,5.00,6.39,12.89,14.65,14.21,21.46,35.70,36.60,42.18,5.02,60.35,37.11,2.16,33.13,6.57,8.15,22.08,19.78,15.32,7.99,6.11,1365.78
45,11:00-11:15,3.29,7.53,15.87,2.75,7.35,36.94,8.54,13.63,15.59,31.25,20.09,15.58,6.48,27.11,6.88,40.88,12.21,15.74,25.76,18.28,36.76,16.92,22.85,6.11,6.21,14.06,15.99,14.17,5.43,5.66,9.14,14.40,3.44,43.83,2.50,4.68,2.23,28.71,10.59,7.20,2.40,7.20,2.56,5.00,5.50,1.95,13.16,20.75,11.35,38.20,71.76,41.45,40.20,13.72,5.00,12.82,1.79,3.50,5.73,4.18,24.19,17.98,6.00,4.96,6.52,14.20,14.96,14.07,21.86,36.24,36.63,42.18,5.03,62.11,42.35,2.17,37.40,6.90,8.49,22.31,20.15,15.47,8.30,6.13,1387.45
46,11:15-11:30,3.30,7.44,16.02,2.81,7.35,37.11,8.25,13.68,15.96,31.65,20.38,15.99,6.45,27.75,6.82,41.27,13.06,16.02,27.34,18.49,37.68,17.34,23.46,6.25,6.37,14.05,16.03,14.02,5.38,5.87,9.59,14.90,3.50,44.23,2.50,4.68,2.23,29.71,10.87,7.20,2.40,7.20,2.56,5.00,5.50,1.94,13.38,21.13,12.55,38.63,74.69,41.62,40.21,14.05,5.02,12.85,1.79,3.47,5.73,4.20,24.21,18.16,6.00,5.00,6.59,14.33,15.09,14.01,21.86,36.60,37.28,42.18,5.04,59.57,42.63,2.16,38.67,6.34,8.63,22.50,20.51,15.65,8.50,6.19,1404.62
47,11:30-11:45,3.29,7.33,16.07,2.84,7.35,36.94,7.99,12.32,16.31,31.96,20.57,16.13,6.41,26.55,6.94,41.22,12.45,16.11,27.57,18.14,38.03,17.49,22.42,6.37,6.49,14.03,15.90,14.02,5.28,5.87,9.78,15.37,3.53,44.03,2.50,4.68,2.23,32.71,11.15,7.20,2.40,7.20,2.56,5.00,5.50,1.94,13.60,21.51,12.09,38.71,76.74,41.75,40.35,13.85,5.06,13.27,1.80,3.46,5.73,4.18,24.64,18.26,6.00,4.97,6.66,14.14,15.43,14.00,22.05,36.83,38.70,42.19,5.06,56.99,42.45,2.16,39.43,6.33,8.49,22.45,20.86,15.94,8.67,6.29,1409.26
48,11:45-12:00,3.25,7.19,16.48,2.87,7.35,36.41,7.74,11.24,16.63,32.19,20.58,16.34,6.37,26.27,6.87,41.87,12.40,16.16,27.18,17.80,37.78,17.60,21.52,6.37,6.58,14.00,16.05,14.00,5.22,5.63,10.09,15.81,3.52,43.96,2.50,4.68,2.23,28.71,11.44,7.20,2.40,7.20,2.56,5.00,5.50,1.94,13.82,21.89,12.03,30.25,59.74,41.92,40.61,13.68,5.12,13.27,1.79,3.50,5.73,4.20,24.78,18.30,6.00,5.00,6.74,13.93,15.74,14.06,21.97,36.96,40.43,42.19,5.02,54.28,42.33,2.16,39.36,6.33,8.72,22.49,21.22,15.55,8.84,6.29,1378.92
49,12:00-12:15,3.21,7.04,16.93,2.89,7.14,35.52,7.50,11.80,16.86,32.13,22.18,16.84,6.42,25.38,6.62,46.12,10.65,16.03,26.92,17.76,37.17,17.67,22.82,6.37,6.61,14.19,15.72,13.93,5.76,6.42,10.97,16.10,3.71,43.29,2.50,4.29,2.23,32.71,6.72,6.60,2.88,6.00,2.80,6.00,5.00,1.76,13.73,21.81,12.96,32.65,63.32,41.61,32.55,13.64,5.22,12.87,1.78,3.49,5.73,4.17,27.85,18.31,6.00,4.97,6.77,13.34,15.70,12.88,20.97,37.03,41.82,45.83,5.03,51.76,42.54,2.17,38.65,6.35,9.14,20.70,21.20,16.12,8.98,6.14,1381.94
50,12:15-12:30,3.15,7.21,17.21,2.85,7.11,34.30,7.50,12.44,17.05,32.27,22.05,16.38,6.28,26.09,6.72,46.29,11.57,15.93,27.28,16.33,36.41,17.73,24.09,6.37,6.59,14.05,15.79,14.00,5.70,5.58,10.81,16.11,3.76,42.75,2.50,4.29,2.23,28.71,6.72,6.60,2.88,6.00,2.80,6.00,5.00,1.76,13.62,21.91,12.99,34.10,64.11,41.54,32.31,13.32,5.34,13.23,1.79,3.49,5.73,4.16,27.53,18.31,6.00,4.96,6.74,13.60,15.83,12.74,20.50,37.06,42.24,45.87,5.04,54.36,36.65,2.16,38.65,6.39,8.57,20.26,21.16,15.88,8.48,6.21,1374.07
51,12:30-12:45,3.09,7.38,16.70,2.88,7.07,32.78,7.51,14.37,17.13,32.11,22.02,16.29,6.24,24.48,6.73,45.53,11.89,15.66,26.28,15.88,36.42,17.63,25.20,6.37,6.51,13.80,15.86,14.00,5.68,5.20,10.60,15.94,3.64,42.16,2.50,4.29,2.23,33.71,7.20,6.60,2.88,6.00,2.80,6.00,5.00,1.76,13.53,22.01,11.89,35.31,62.73,39.40,32.19,13.66,5.48,13.18,1.80,3.47,5.73,4.18,27.04,18.32,6.00,4.98,6.66,14.01,15.84,12.66,20.24,37.07,41.78,45.85,5.03,57.12,37.32,2.16,38.65,4.71,8.04,20.20,21.12,15.57,7.95,6.14,1371.02
52,12:45-13:00,3.03,7.58,16.58,2.90,7.07,31.04,7.52,12.88,17.08,31.89,21.73,15.64,6.18,24.58,6.81,45.15,11.78,15.57,27.88,15.33,35.93,17.49,24.97,6.37,6.38,13.54,15.49,13.89,5.61,5.69,10.49,15.79,3.64,41.64,2.50,4.29,2.23,33.71,7.20,6.60,2.88,6.00,2.80,6.00,5.00,1.76,13.43,22.11,10.48,36.38,61.41,40.75,32.20,13.06,5.64,13.01,1.79,3.47,5.73,4.20,26.41,18.33,6.00,5.00,6.59,13.81,15.95,12.63,19.73,37.06,41.05,45.81,5.03,59.88,36.52,2.16,38.65,4.90,7.79,19.86,21.08,15.23,7.41,6.09,1362.74
53,13:00-13:15,2.97,7.74,16.29,2.92,6.87,29.13,7.52,13.41,16.89,31.59,21.40,15.43,6.11,24.60,6.68,44.85,12.09,15.17,27.58,14.73,34.88,17.31,22.80,6.32,6.19,13.38,15.60,13.95,5.69,5.47,10.42,15.62,3.61,39.91,2.50,4.29,2.23,31.71,7.20,6.60,2.88,6.00,2.80,6.00,5.00,1.76,13.07,21.71,10.53,37.26,64.21,39.39,31.56,13.05,5.60,13.15,1.78,3.49,5.73,4.19,25.70,18.34,6.00,4.97,6.37,13.85,15.86,12.35,19.18,37.03,41.55,45.69,5.06,62.65,36.48,2.17,38.65,5.02,6.99,19.65,20.64,14.79,6.83,6.12,1350.75
54,13:15-13:30,2.92,7.67,15.89,2.92,6.39,27.10,7.25,14.22,16.53,31.00,21.02,13.99,6.04,23.95,6.48,43.90,12.21,15.01,25.14,14.10,34.20,16.97,20.80,6.20,5.95,13.26,15.51,13.78,5.52,5.26,10.09,15.39,3.42,39.31,2.50,4.29,2.23,34.71,7.20,6.60,2.88,6.00,2.80,6.00,5.00,1.76,12.70,21.33,11.08,37.58,65.80,37.81,31.05,12.89,5.59,13.14,1.79,3.49,5.73,4.18,24.93,18.32,6.00,5.00,6.14,13.51,15.86,12.13,18.55,36.94,38.24,45.86,5.04,57.49,35.99,2.16,29.27,5.24,7.68,19.33,20.21,14.05,6.59,6.04,1316.09
55,13:30-13:45,2.87,7.55,15.34,2.61,6.35,25.03,6.95,14.38,16.01,30.03,20.70,15.24,5.95,23.01,6.45,42.66,12.34,14.65,24.02,13.48,33.37,16.42,24.84,6.04,5.69,13.15,15.10,12.38,5.45,5.28,9.83,14.06,3.42,37.38,2.50,4.29,2.23,28.71,7.20,6.60,2.88,6.00,2.80,6.00,5.00,1.76,12.36,20.95,10.42,37.58,66.61,37.03,34.04,14.35,5.60,12.96,1.80,3.47,5.73,4.20,24.13,18.26,6.00,4.97,5.86,13.64,15.67,11.95,18.05,36.77,38.36,45.76,5.06,52.39,35.12,2.16,28.80,5.23,8.33,19.01,19.77,13.31,6.32,5.89,1291.91
56,13:45-14:00,2.83,7.41,15.12,2.29,6.19,22.96,6.64,15.00,15.36,29.01,19.99,14.66,5.84,22.21,6.35,37.85,11.10,14.07,24.71,12.89,31.43,15.86,24.57,5.86,5.40,12.86,12.59,12.20,5.41,5.28,9.60,12.65,3.33,36.01,2.50,4.29,2.23,31.71,7.20,6.60,2.88,6.00,2.80,6.00,5.00,1.76,12.03,20.56,9.64,37.31,65.46,36.32,33.70,14.68,5.62,12.25,1.79,3.47,5.73,4.18,23.34,18.12,6.00,5.00,5.72,13.46,15.43,11.82,17.33,36.48,37.19,45.79,5.02,47.34,33.64,2.17,29.44,5.15,8.16,18.34,19.33,12.87,6.04,5.81,1256.23
57,14:00-14:15,2.78,7.24,14.80,1.94,6.00,20.96,6.31,15.21,14.59,27.94,19.54,14.23,5.73,23.07,6.09,36.27,11.31,13.54,23.93,12.35,29.68,15.27,22.64,5.65,5.10,12.65,11.87,11.90,5.24,5.09,9.38,11.12,3.22,33.87,2.50,4.29,2.23,29.71,7.20,6.60,2.88,6.00,2.80,6.00,5.00,1.76,12.33,19.72,10.28,37.01,63.48,35.82,32.97,13.30,5.24,12.69,1.78,3.47,5.73,4.20,22.55,17.89,6.00,4.97,5.38,13.28,14.72,11.45,16.60,36.03,35.19,45.65,5.03,42.34,31.43,2.16,26.30,4.88,7.21,18.18,18.52,11.94,5.75,5.61,1210.56
58,14:15-14:30,2.73,7.00,13.73,1.54,5.62,19.09,6.52,14.96,13.73,27.36,18.92,14.21,5.57,25.15,6.00,34.47,12.08,12.92,25.35,11.86,28.00,14.94,22.30,5.41,4.81,12.44,11.17,11.69,5.07,5.02,9.11,9.54,3.07,31.24,2.50,4.29,2.23,34.71,7.20,6.60,2.88,6.00,2.80,6.00,5.00,1.76,11.02,18.90,9.77,36.68,60.68,35.66,32.34,12.19,4.85,11.57,1.79,3.49,5.73,4.17,21.77,17.54,6.00,5.00,4.93,12.95,14.27,11.10,15.66,35.40,33.15,44.96,5.04,38.58,28.71,2.16,25.93,4.62,6.97,17.57,17.71,11.04,5.56,5.45,1175.50
59,14:30-14:45,2.67,6.73,12.84,1.74,5.38,17.37,6.78,13.92,12.83,24.89,18.07,12.99,5.00,22.50,5.89,32.48,11.64,12.21,22.22,11.42,26.38,13.62,20.73,5.16,4.53,12.11,10.50,12.09,4.80,4.80,8.74,9.31,2.94,29.09,2.50,4.29,2.23,33.71,7.20,6.60,2.88,6.00,2.80,6.00,5.00,1.76,9.78,18.07,8.33,36.31,57.40,33.49,31.79,11.88,4.45,11.74,1.80,3.47,5.73,4.16,20.96,17.07,6.00,4.97,5.03,12.24,13.81,10.78,14.76,34.58,31.10,43.44,5.03,34.82,25.99,2.17,22.75,4.41,7.13,17.25,16.91,10.26,5.36,5.20,1115.76
60,14:45-15:00,2.60,6.45,12.50,1.90,4.99,15.85,7.11,13.40,11.90,22.35,17.13,11.21,4.41,16.84,5.87,30.35,12.81,11.44,19.53,11.03,24.82,12.25,23.36,4.88,4.26,11.89,9.88,11.83,4.59,5.31,8.55,9.07,2.79,26.50,2.50,4.29,2.23,31.71,7.20,6.60,2.88,6.00,2.80,6.00,5.00,1.76,8.44,17.23,9.65,35.89,53.48,31.19,31.32,11.64,4.04,11.88,1.79,3.49,5.73,4.18,20.12,16.46,6.00,4.97,4.84,13.17,14.79,10.48,13.47,33.55,29.21,40.86,5.03,31.08,23.65,2.16,22.82,4.21,7.23,16.49,16.10,9.49,5.14,4.93,1064.82
61,15:00-15:15,2.50,6.14,11.56,2.02,5.68,14.52,7.52,10.41,10.98,19.56,17.33,11.77,3.77,15.90,5.34,28.12,12.48,10.60,18.26,10.65,23.31,10.74,19.92,4.58,4.01,11.87,9.29,10.20,3.82,5.23,9.75,8.81,2.29,22.51,2.50,4.29,2.23,30.71,7.20,6.60,2.88,6.00,2.80,6.00,5.00,1.76,8.47,16.04,10.60,35.38,49.21,29.08,30.75,11.34,3.96,11.56,1.79,5.98,5.73,4.19,19.21,15.72,6.00,9.97,4.72,12.42,14.42,9.98,13.57,32.31,27.34,38.33,5.06,27.35,21.91,2.16,22.51,4.01,6.81,18.42,14.89,7.94,4.89,4.34,1017.77
62,15:15-15:30,2.39,5.69,10.89,2.09,5.29,13.37,7.33,9.47,10.07,16.09,15.90,10.74,3.05,9.59,4.89,25.85,11.79,9.72,15.29,10.26,21.81,8.87,20.31,4.25,3.77,10.91,8.74,9.18,3.47,5.44,9.19,8.65,2.17,21.23,2.50,4.29,2.23,30.71,7.20,6.60,2.88,6.00,2.80,6.00,5.00,1.76,8.50,14.85,8.98,34.81,44.87,29.01,30.26,11.08,3.88,8.93,1.78,6.00,5.73,4.20,18.21,14.85,6.00,9.98,4.12,11.05,13.04,9.45,12.59,30.83,25.31,35.12,5.04,28.38,20.57,2.16,20.73,3.76,6.32,16.93,13.69,7.60,4.75,4.01,953.09
63,15:30-15:45,2.25,5.22,10.19,1.89,4.92,12.39,7.11,10.38,9.19,15.56,14.43,10.12,3.07,10.15,4.45,23.58,11.16,8.80,16.07,9.85,20.30,8.55,18.90,3.92,3.54,8.18,8.21,9.27,3.10,4.95,8.64,8.54,2.04,20.08,2.50,4.29,2.23,29.71,7.20,6.60,2.88,6.00,2.80,6.00,5.00,1.76,8.53,13.65,9.59,34.16,40.64,25.90,29.83,11.33,3.81,9.77,1.80,5.95,5.73,4.18,17.10,13.86,6.00,10.00,3.79,10.42,12.43,8.90,11.57,29.11,23.16,32.22,5.02,29.52,19.39,2.16,18.96,3.52,5.54,15.34,12.48,7.25,4.58,3.68,906.84
64,15:45-16:00,2.08,4.74,9.48,1.70,4.56,11.54,6.90,11.27,8.35,14.96,12.95,8.83,3.07,11.65,4.02,21.34,10.07,7.87,17.39,9.37,18.75,8.20,16.48,3.56,3.31,5.81,7.68,9.40,2.72,4.53,8.08,8.38,1.91,18.96,2.50,4.29,2.23,28.71,7.20,6.60,2.88,6.00,2.80,6.00,5.00,1.76,8.57,12.47,9.89,33.23,36.41,23.09,29.21,10.80,3.74,8.91,1.78,5.99,5.73,4.20,15.87,12.76,6.00,9.97,3.24,9.63,13.62,8.30,10.52,27.15,21.31,28.93,5.01,30.53,18.14,2.16,16.84,3.30,4.89,13.67,11.29,6.87,4.37,3.36,857.63
65,16:00-16:15,1.89,4.24,8.76,1.50,4.20,10.78,6.49,11.98,7.54,14.28,11.49,8.03,3.02,14.02,3.61,19.16,7.47,6.94,17.66,8.81,17.16,7.80,18.53,3.20,3.06,3.81,7.14,8.91,2.34,4.13,7.48,8.19,1.76,17.81,2.50,4.29,2.23,32.71,7.20,6.60,2.88,6.00,2.80,6.00,5.00,1.76,7.42,11.07,9.25,31.74,32.47,18.95,26.03,10.44,3.69,7.75,1.78,6.00,5.73,4.19,14.51,11.55,6.00,10.00,3.14,8.92,13.41,7.34,9.44,24.98,18.98,26.28,5.03,31.62,16.79,2.16,14.21,3.12,4.54,12.00,10.16,6.45,4.12,3.04,807.46
66,16:15-16:30,1.68,3.77,7.85,1.33,3.84,10.07,5.68,11.15,6.75,13.22,10.10,7.44,2.94,14.80,3.21,17.08,7.18,6.04,15.65,8.16,15.53,7.22,16.72,2.83,2.81,3.90,6.57,7.49,1.97,3.54,6.83,7.73,1.61,16.55,2.50,4.29,2.23,30.71,7.20,6.60,2.88,7.33,2.80,6.00,5.00,1.76,6.27,9.67,9.12,29.30,28.87,14.96,22.86,9.30,3.60,7.00,1.80,5.97,5.75,4.18,13.04,10.25,6.00,9.97,2.77,7.21,11.21,5.85,8.34,22.62,16.31,22.62,5.04,28.03,15.37,2.17,12.82,2.95,4.04,10.36,9.03,6.00,3.56,2.73,735.48
67,16:30-16:45,1.46,3.28,6.92,1.16,3.47,9.37,4.85,8.55,5.99,11.48,8.77,6.74,2.61,13.92,2.83,15.10,6.73,5.18,13.39,7.42,13.85,6.28,14.45,2.47,2.53,4.11,5.96,6.16,1.63,3.15,6.12,6.50,1.45,15.16,2.50,4.29,2.23,31.71,7.20,6.60,2.88,8.07,2.80,6.00,5.00,1.76,5.12,8.28,8.16,25.83,25.63,11.55,19.68,8.17,3.23,5.82,1.78,5.96,5.73,4.20,11.48,8.88,6.00,10.00,2.20,6.51,10.49,4.37,7.26,20.11,13.29,18.30,5.06,24.59,13.83,2.16,11.43,2.70,3.53,8.81,7.92,5.50,3.00,2.42,659.06
68,16:45-17:00,1.24,2.79,5.99,1.00,3.08,8.64,4.00,6.11,5.25,10.36,7.53,5.25,2.28,12.03,2.47,13.21,6.40,4.38,11.05,6.59,12.16,5.37,12.27,2.11,2.24,4.96,5.31,5.09,1.32,2.72,5.37,5.29,1.29,13.62,2.50,4.29,2.23,31.71,7.57,6.60,2.88,12.78,2.80,6.00,5.00,1.76,3.98,6.88,7.08,21.41,22.33,7.89,16.51,6.43,2.87,4.27,1.80,5.95,5.73,4.18,9.87,7.43,6.00,9.97,1.83,5.62,8.54,2.89,6.20,17.51,10.90,15.39,5.02,21.06,12.11,2.16,9.52,2.35,3.01,7.38,6.79,4.96,2.45,2.12,583.28
69,17:00-17:15,1.02,2.31,5.05,0.83,2.69,7.87,2.68,4.13,4.52,8.77,6.37,4.55,1.92,10.79,2.13,11.42,5.42,3.65,9.03,5.70,10.47,4.95,8.84,1.77,1.93,5.39,4.63,3.78,1.05,1.86,4.59,4.11,1.12,11.96,2.50,4.29,2.23,28.71,9.83,7.08,2.88,16.33,4.55,6.00,6.06,1.76,3.34,5.52,5.49,16.37,18.74,5.04,13.67,4.92,2.33,3.48,1.78,5.94,5.73,4.20,8.28,5.93,6.00,10.00,1.46,4.82,6.64,2.19,5.18,14.84,8.67,11.37,5.06,17.57,10.14,2.16,8.59,1.90,2.41,6.09,5.59,4.40,1.92,1.82,509.10
70,17:15-17:30,0.82,1.90,4.14,0.70,2.29,7.04,2.23,3.14,3.80,7.53,5.29,3.64,1.55,9.75,1.80,9.71,4.09,2.99,8.26,4.77,8.81,4.26,7.54,1.45,1.62,4.38,3.93,3.18,0.81,1.50,3.81,3.03,0.96,10.23,2.50,4.29,2.23,32.71,12.66,10.79,2.88,19.21,6.76,6.00,8.08,1.76,2.70,4.17,3.92,11.31,14.75,3.50,10.83,4.28,1.80,2.82,1.79,6.00,5.73,4.19,6.74,4.39,6.00,9.97,0.86,3.77,5.43,1.48,4.23,12.12,6.21,8.28,5.02,14.80,7.99,2.17,7.01,1.40,2.06,4.96,4.37,3.81,1.55,1.53,454.76
71,17:30-17:45,0.63,1.47,3.22,0.64,1.80,6.16,1.76,2.54,3.11,6.31,4.30,2.85,1.55,7.38,1.50,8.10,2.93,2.41,6.26,3.58,7.21,3.46,5.26,1.15,1.21,3.23,3.06,2.57,0.62,1.57,3.06,2.57,0.80,8.49,2.50,4.29,2.23,29.71,15.88,15.05,2.88,22.42,10.13,6.00,10.03,1.76,2.07,2.86,2.41,6.73,10.34,2.24,7.98,3.07,1.27,1.79,1.80,5.96,5.73,4.18,5.21,2.82,6.00,9.97,0.55,3.05,3.63,0.77,3.34,9.37,3.62,4.84,5.03,12.09,5.62,2.16,5.43,0.93,1.63,3.99,3.17,3.22,1.23,1.23,392.97
72,17:45-18:00,0.47,1.11,2.30,0.50,1.22,5.24,1.31,1.91,2.45,4.81,3.41,2.16,1.22,5.17,1.12,6.57,1.83,1.90,4.45,2.45,5.70,2.64,3.61,0.83,0.82,2.21,2.07,1.85,0.47,1.30,2.36,2.04,0.62,6.80,2.50,4.29,2.23,34.71,15.26,15.07,2.88,16.47,8.35,6.00,9.86,1.76,1.43,1.89,1.36,3.38,6.09,1.25,5.15,2.03,0.74,1.01,1.77,5.99,5.73,4.20,3.52,1.24,6.00,10.00,0.31,2.31,2.92,0.07,2.55,6.59,1.49,3.10,5.04,9.27,3.35,2.16,3.81,0.46,1.14,3.16,1.95,2.65,0.86,0.84,321.11
73,18:00-18:15,0.30,0.69,1.38,0.37,0.68,3.33,0.87,1.27,1.43,3.31,1.94,1.38,0.78,3.18,0.65,4.17,1.08,1.17,3.05,1.41,3.38,1.81,2.47,0.47,0.46,1.36,1.17,1.14,0.36,0.73,1.73,1.52,0.37,4.22,2.50,4.29,2.23,28.71,14.53,14.67,2.88,17.87,6.83,6.00,9.74,1.76,0.00,0.00,0.00,0.00,2.57,0.00,0.00,0.00,0.00,0.00,1.79,5.97,5.75,4.17,1.97,0.00,6.00,9.97,0.00,1.65,1.92,0.00,1.83,3.77,0.39,0.00,5.06,5.35,0.00,2.16,2.44,0.00,0.74,2.15,0.00,1.63,0.46,0.50,233.88
74,18:15-18:30,0.12,0.45,0.86,0.27,0.26,1.39,0.50,0.88,0.57,1.91,0.74,0.99,0.42,2.09,0.26,1.76,0.61,0.44,2.17,0.56,1.34,1.04,1.59,0.18,0.18,0.97,0.45,0.79,0.21,0.41,0.98,1.10,0.16,1.80,2.50,4.29,2.23,33.71,13.92,14.63,2.88,11.61,5.58,6.00,9.59,1.76,0.00,0.00,0.00,0.00,0.69,0.00,0.00,0.00,0.00,0.00,1.80,6.00,5.73,4.16,0.73,0.00,6.00,9.96,0.00,1.06,0.86,0.00,0.71,0.94,0.00,0.00,5.01,2.13,0.00,2.17,1.48,0.00,0.51,0.87,0.00,0.73,0.27,0.20,189.16
75,18:30-18:45,0.02,0.22,0.37,0.16,0.02,0.20,0.16,0.63,0.07,1.09,0.07,0.46,0.23,1.07,0.03,0.27,0.28,0.04,1.27,0.07,0.16,0.59,0.72,0.02,0.02,0.56,0.04,0.35,0.03,0.20,0.26,0.69,0.03,0.28,2.50,4.29,2.23,32.71,13.59,14.69,2.88,8.34,4.46,7.31,9.48,1.76,0.00,0.00,0.00,0.00,0.00,0.00,0.00,0.00,0.00,0.00,1.79,5.97,5.73,4.18,0.06,0.00,6.00,9.96,0.00,0.51,0.62,0.00,0.08,0.00,0.00,0.00,5.02,0.26,0.00,2.16,0.52,0.00,0.27,0.12,0.00,0.14,0.14,0.03,158.48
76,18:45-19:00,0.00,0.00,0.00,0.00,0.00,0.00,0.00,0.00,0.00,0.00,0.00,0.00,0.00,0.00,0.00,0.00,0.00,0.00,0.00,0.00,0.00,0.00,0.00,0.00,0.00,0.00,0.00,0.00,0.00,0.00,0.00,0.34,0.00,0.00,2.50,4.29,2.23,34.71,11.66,12.69,2.88,8.88,3.05,6.98,8.08,1.76,0.00,0.00,0.00,0.00,0.00,0.00,0.00,0.00,0.00,0.00,1.77,5.96,5.73,4.20,0.00,0.00,6.00,10.00,0.00,0.00,0.00,0.00,0.00,0.00,0.00,0.00,5.03,0.00,0.00,2.17,0.08,0.00,0.00,0.00,0.00,0.00,0.00,0.00,140.99
77,19:00-19:15,0.00,0.00,0.00,0.00,0.00,0.00,0.00,0.00,0.00,0.00,0.00,0.00,0.00,0.00,0.00,0.00,0.00,0.00,0.00,0.00,0.00,0.00,0.00,0.00,0.00,0.00,0.00,0.00,0.00,0.00,0.00,0.00,0.00,0.00,3.99,4.29,3.55,30.71,9.92,10.97,2.88,12.48,2.80,6.95,6.81,1.76,0.00,0.00,0.00,0.00,0.00,0.00,0.00,0.00,0.00,0.00,1.79,6.00,5.73,4.19,0.00,0.00,6.00,9.97,0.00,0.00,0.00,0.00,0.00,0.00,0.00,0.00,5.04,0.00,0.00,2.16,0.00,0.00,0.00,0.00,0.00,0.00,0.00,0.00,137.99
78,19:15-19:30,0.00,0.00,0.00,0.00,0.00,0.00,0.00,0.00,0.00,0.00,0.00,0.00,0.00,0.00,0.00,0.00,0.00,0.00,0.00,0.00,0.00,0.00,0.00,0.00,0.00,0.00,0.00,0.00,0.00,0.00,0.00,0.00,0.00,0.00,8.48,9.82,7.55,29.71,8.37,9.31,2.88,24.33,2.80,7.20,5.70,1.76,0.00,0.00,0.00,0.00,0.00,0.00,0.00,0.00,0.00,0.00,1.79,5.97,5.73,4.18,0.00,0.00,6.00,10.00,0.00,0.00,0.00,0.00,0.00,0.00,0.00,0.00,5.06,0.00,0.00,2.16,0.00,0.00,0.00,0.00,0.00,0.00,0.00,0.00,158.80
79,19:30-19:45,0.00,0.00,0.00,0.00,0.00,0.00,0.00,0.00,0.00,0.00,0.00,0.00,0.00,0.00,0.00,0.00,0.00,0.00,0.00,0.00,0.00,0.00,0.00,0.00,0.00,0.00,0.00,0.00,0.00,0.00,0.00,0.00,0.00,0.00,14.47,18.09,12.88,34.71,7.20,8.08,2.88,24.39,2.80,6.08,5.00,1.76,0.00,0.00,0.00,0.00,0.00,0.00,0.00,0.00,0.00,0.00,1.78,5.96,5.73,4.20,0.00,0.00,6.00,9.96,0.00,0.00,0.00,0.00,0.00,0.00,0.00,0.00,5.02,0.00,0.00,2.16,0.00,0.00,0.00,0.00,0.00,0.00,0.00,0.00,179.15
80,19:45-20:00,0.00,0.00,0.00,0.00,0.00,0.00,0.00,0.00,0.00,0.00,0.00,0.00,0.00,0.00,0.00,0.00,0.00,0.00,0.00,0.00,0.00,0.00,0.00,0.00,0.00,0.00,0.00,0.00,0.00,0.00,0.00,0.00,0.00,0.00,14.09,15.06,12.54,31.71,7.20,6.81,2.88,10.24,2.80,6.49,5.00,1.76,0.00,0.00,0.00,0.00,0.00,0.00,0.00,0.00,0.00,0.00,1.79,5.94,5.73,4.18,0.00,0.00,6.00,10.00,0.00,0.00,0.00,0.00,0.00,0.00,0.00,0.00,5.03,0.00,0.00,2.16,0.00,0.00,0.00,0.00,0.00,0.00,0.00,0.00,157.41
81,20:00-20:15,0.00,0.00,0.00,0.00,0.00,0.00,0.00,0.00,0.00,0.00,0.00,0.00,0.00,0.00,0.00,0.00,0.00,0.00,0.00,0.00,0.00,0.00,0.00,0.00,0.00,0.00,0.00,0.00,0.00,0.00,0.00,0.00,0.00,0.00,13.74,11.90,12.23,46.38,7.20,6.60,2.88,16.51,3.41,6.00,5.00,1.76,0.00,0.00,0.00,0.00,0.00,0.00,0.00,0.00,0.00,0.00,1.80,6.00,5.73,4.20,0.00,0.00,6.00,9.97,0.00,0.00,0.00,0.00,0.00,0.00,0.00,0.00,5.04,0.00,0.00,2.17,0.00,0.00,0.00,0.00,0.00,0.00,0.00,0.00,174.52
82,20:15-20:30,0.00,0.00,0.00,0.00,0.00,0.00,0.00,0.00,0.00,0.00,0.00,0.00,0.00,0.00,0.00,0.00,0.00,0.00,0.00,0.00,0.00,0.00,0.00,0.00,0.00,0.00,0.00,0.00,0.00,0.00,0.00,0.00,0.00,0.00,13.40,9.12,11.92,67.13,7.20,6.60,2.88,11.33,5.80,6.55,5.00,1.76,0.00,0.00,0.00,0.00,0.00,0.00,0.00,0.00,0.00,0.00,1.79,5.99,5.73,4.17,0.00,0.00,6.00,10.00,0.00,0.00,0.00,0.00,0.00,0.00,0.00,0.00,5.03,0.00,0.00,2.16,0.00,0.00,0.00,0.00,0.00,0.00,0.00,0.00,189.56
83,20:30-20:45,0.00,0.00,0.00,0.00,0.00,0.00,0.00,0.00,0.00,0.00,0.00,0.00,0.00,0.00,0.00,0.00,0.00,0.00,0.00,0.00,0.00,0.00,0.00,0.00,0.00,0.00,0.00,0.00,0.00,0.00,0.00,0.00,0.00,0.00,13.04,6.56,11.61,92.43,7.20,6.60,2.88,6.00,9.35,7.00,5.00,1.76,0.00,0.00,0.00,0.00,0.00,0.00,0.00,0.00,0.00,0.00,1.78,5.97,5.73,4.16,0.00,0.00,6.00,9.97,0.00,0.00,0.00,0.00,0.00,0.00,0.00,0.00,5.03,0.00,0.00,2.16,0.00,0.00,0.00,0.00,0.00,0.00,0.00,0.00,210.23
84,20:45-21:00,0.00,0.00,0.00,0.00,0.00,0.00,0.00,0.00,0.00,0.00,0.00,0.00,0.00,0.00,0.00,0.00,0.00,0.00,0.00,0.00,0.00,0.00,0.00,0.00,0.00,0.00,0.00,0.00,0.00,0.00,0.00,0.00,0.00,0.00,10.24,5.28,9.11,113.52,8.67,6.60,2.88,7.51,8.95,6.78,5.00,1.76,0.00,0.00,0.00,0.00,0.00,0.00,0.00,0.00,0.00,0.00,1.79,5.97,5.73,4.18,0.00,0.00,6.00,9.96,0.00,0.00,0.00,0.00,0.00,0.00,0.00,0.00,5.06,0.00,0.00,2.16,0.00,0.00,0.00,0.00,0.00,0.00,0.00,0.00,227.15
85,21:00-21:15,0.00,0.00,0.00,0.00,0.00,0.00,0.00,0.00,0.00,0.00,0.00,0.00,0.00,0.00,0.00,0.00,0.00,0.00,0.00,0.00,0.00,0.00,0.00,0.00,0.00,0.00,0.00,0.00,0.00,0.00,0.00,0.00,0.00,0.00,7.69,4.29,6.84,136.44,12.61,6.60,2.88,16.61,8.50,6.31,5.00,1.76,0.00,0.00,0.00,0.00,0.00,0.00,0.00,0.00,0.00,0.00,1.80,6.41,5.73,4.19,0.00,0.00,6.00,10.67,0.00,0.00,0.00,0.00,0.00,0.00,0.00,0.00,5.04,0.00,0.00,2.17,0.00,0.00,0.00,0.00,0.00,0.00,0.00,0.00,257.54
86,21:15-21:30,0.00,0.00,0.00,0.00,0.00,0.00,0.00,0.00,0.00,0.00,0.00,0.00,0.00,0.00,0.00,0.00,0.00,0.00,0.00,0.00,0.00,0.00,0.00,0.00,0.00,0.00,0.00,0.00,0.00,0.00,0.00,0.00,0.00,0.00,5.59,4.29,4.97,156.66,16.53,6.60,2.88,35.55,8.13,6.72,5.00,1.76,0.00,0.00,0.00,0.00,0.00,0.00,0.00,0.00,0.00,0.00,1.79,6.98,5.73,4.20,0.00,0.00,6.00,10.34,0.00,0.00,0.00,0.00,0.00,0.00,0.00,0.00,5.02,0.00,0.00,2.16,0.00,0.00,0.00,0.00,0.00,0.00,0.00,0.00,296.90
87,21:30-21:45,0.00,0.00,0.00,0.00,0.00,0.00,0.00,0.00,0.00,0.00,0.00,0.00,0.00,0.00,0.00,0.00,0.00,0.00,0.00,0.00,0.00,0.00,0.00,0.00,0.00,0.00,0.00,0.00,0.00,0.00,0.00,0.00,0.00,0.00,3.95,4.29,3.51,172.99,21.78,6.60,2.88,54.00,7.78,7.04,5.00,1.76,0.00,0.00,0.00,0.00,0.00,0.00,0.00,0.00,0.00,0.00,1.79,7.19,5.73,4.18,0.00,0.00,6.00,10.43,0.00,0.00,0.00,0.00,0.00,0.00,0.00,0.00,5.01,0.00,0.00,2.16,0.00,0.00,0.00,0.00,0.00,0.00,0.00,0.00,334.07
88,21:45-22:00,0.00,0.00,0.00,0.00,0.00,0.00,0.00,0.00,0.00,0.00,0.00,0.00,0.00,0.00,0.00,0.00,0.00,0.00,0.00,0.00,0.00,0.00,0.00,0.00,0.00,0.00,0.00,0.00,0.00,0.00,0.00,0.00,0.00,0.00,4.34,4.29,3.86,165.50,23.79,6.60,2.88,28.59,7.12,8.95,5.00,3.10,0.00,0.00,0.00,0.00,0.00,0.00,0.00,0.00,0.00,0.00,1.78,7.48,5.73,4.20,0.00,0.00,6.15,11.22,0.00,0.00,0.00,0.00,0.00,0.00,0.00,0.00,5.04,0.00,0.00,2.17,0.00,0.00,0.00,0.00,0.00,0.00,0.00,0.00,307.79
89,22:00-22:15,0.00,0.00,0.00,0.00,0.00,0.00,0.00,0.00,0.00,0.00,0.00,0.00,0.00,0.00,0.00,0.00,0.00,0.00,0.00,0.00,0.00,0.00,0.00,0.00,0.00,0.00,0.00,0.00,0.00,0.00,0.00,0.00,0.00,0.00,4.76,4.29,4.24,154.77,26.39,7.70,3.88,28.30,6.75,12.33,5.00,5.82,0.00,0.00,0.00,0.00,0.00,0.00,0.00,0.00,0.00,0.00,1.80,7.73,5.73,4.19,0.00,0.00,6.35,12.28,0.00,0.00,0.00,0.00,0.00,0.00,0.00,0.00,5.03,0.00,0.00,2.16,0.00,0.00,0.00,0.00,0.00,0.00,0.00,0.00,309.50
90,22:15-22:30,0.00,0.00,0.00,0.00,0.00,0.00,0.00,0.00,0.00,0.00,0.00,0.00,0.00,0.00,0.00,0.00,0.00,0.00,0.00,0.00,0.00,0.00,0.00,0.00,0.00,0.00,0.00,0.00,0.00,0.00,0.00,0.00,0.00,0.00,5.21,4.29,4.63,141.64,28.46,11.49,6.78,28.35,6.21,14.69,5.00,9.88,0.00,0.00,0.00,0.00,0.00,0.00,0.00,0.00,0.00,0.00,1.78,8.05,5.73,4.18,0.00,0.00,6.56,9.98,0.00,0.00,0.00,0.00,0.00,0.00,0.00,0.00,5.03,0.00,0.00,2.16,0.00,0.00,0.00,0.00,0.00,0.00,0.00,0.00,310.10
91,22:30-22:45,0.00,0.00,0.00,0.00,0.00,0.00,0.00,0.00,0.00,0.00,0.00,0.00,0.00,0.00,0.00,0.00,0.00,0.00,0.00,0.00,0.00,0.00,0.00,0.00,0.00,0.00,0.00,0.00,0.00,0.00,0.00,0.00,0.00,0.00,5.69,4.35,5.06,131.07,31.18,15.81,10.13,32.70,5.64,19.28,5.00,15.07,0.00,0.00,0.00,0.00,0.00,0.00,0.00,0.00,0.00,0.00,1.78,10.50,5.73,4.20,0.00,0.00,6.07,10.00,0.00,0.00,0.00,0.00,0.00,0.00,0.00,0.00,5.06,0.00,0.00,2.17,0.00,0.00,0.00,0.00,0.00,0.00,0.00,0.00,326.49
92,22:45-23:00,0.00,0.00,0.00,0.00,0.00,0.00,0.00,0.00,0.00,0.00,0.00,0.00,0.00,0.00,0.00,0.00,0.00,0.00,0.00,0.00,0.00,0.00,0.00,0.00,0.00,0.00,0.00,0.00,0.00,0.00,0.00,0.00,0.00,0.00,6.05,4.98,5.38,125.23,29.86,13.41,9.20,29.61,5.16,17.65,7.84,13.63,0.00,0.00,0.00,0.00,0.00,0.00,0.00,0.00,0.00,0.00,1.80,13.39,5.73,4.19,0.00,0.00,6.00,9.97,0.00,0.00,0.00,0.00,0.00,0.00,0.00,0.00,5.04,0.00,0.00,2.16,0.00,0.00,0.00,0.00,0.00,0.00,0.00,0.00,316.28
93,23:00-23:15,0.00,0.00,0.00,0.00,0.00,0.00,0.00,0.00,0.00,0.00,0.00,0.00,0.00,0.00,0.00,0.00,0.00,0.00,0.00,0.00,0.00,0.00,0.00,0.00,0.00,0.00,0.00,0.00,0.00,0.00,0.00,0.00,0.00,0.00,6.42,5.61,5.72,116.30,27.92,11.81,8.29,29.68,4.86,14.80,12.31,12.21,0.00,0.00,0.00,0.00,0.00,0.00,0.00,0.00,0.00,0.00,1.78,16.67,5.73,4.20,0.00,0.00,6.00,10.00,0.00,0.00,0.00,0.00,0.00,0.00,0.00,0.00,5.02,0.00,0.00,2.16,0.00,0.00,0.00,0.00,0.00,0.00,0.00,0.00,307.49
94,23:15-23:30,0.00,0.00,0.00,0.00,0.00,0.00,0.00,0.00,0.00,0.00,0.00,0.00,0.00,0.00,0.00,0.00,0.00,0.00,0.00,0.00,0.00,0.00,0.00,0.00,0.00,0.00,0.00,0.00,0.00,0.00,0.00,0.00,0.00,0.00,6.81,6.24,6.06,110.00,26.62,9.98,7.38,29.35,4.61,12.24,18.79,10.85,0.00,0.00,0.00,0.00,0.00,0.00,0.00,0.00,0.00,0.00,1.80,20.35,5.73,4.19,0.00,0.00,6.03,9.97,0.00,0.00,0.00,0.00,0.00,0.00,0.00,0.00,5.01,0.00,0.00,2.16,0.00,0.00,0.00,0.00,0.00,0.00,0.00,0.00,304.17
95,23:30-23:45,0.00,0.00,0.00,0.00,0.00,0.00,0.00,0.00,0.00,0.00,0.00,0.00,0.00,0.00,0.00,0.00,0.00,0.00,0.00,0.00,0.00,0.00,0.00,0.00,0.00,0.00,0.00,0.00,0.00,0.00,0.00,0.00,0.00,0.00,7.21,6.91,6.41,102.31,25.34,8.54,6.47,29.15,4.17,10.94,26.77,9.54,0.00,0.00,0.00,0.00,0.00,0.00,0.00,0.00,0.00,0.00,1.78,19.62,5.73,4.18,0.00,0.00,6.21,10.00,0.00,0.00,0.00,0.00,0.00,0.00,0.00,0.00,5.02,0.00,0.00,2.17,0.00,0.00,0.00,0.00,0.00,0.00,0.00,0.00,298.47
96,23:45-24:00,0.00,0.00,0.00,0.00,0.00,0.00,0.00,0.00,0.00,0.00,0.00,0.00,0.00,0.00,0.00,0.00,0.00,0.00,0.00,0.00,0.00,0.00,0.00,0.00,0.00,0.00,0.00,0.00,0.00,0.00,0.00,0.00,0.00,0.00,7.30,7.36,6.49,103.97,21.82,10.66,7.59,30.37,3.91,6.28,22.08,11.26,0.00,0.00,0.00,0.00,0.00,0.00,0.00,0.00,0.00,0.00,1.79,18.88,5.73,4.20,0.00,0.00,6.24,9.97,0.00,0.00,0.00,0.00,0.00,0.00,0.00,0.00,5.01,0.00,0.00,2.16,0.00,0.00,0.00,0.00,0.00,0.00,0.00,0.00,293.07
